{
 "Susceptible": {
 "Drug": {
 "Levofloxacin": {
 "State": {
 "State": [ "N/A" ],
"percentage": [      100 ] 
},
"Gender": {
 "Gender": [ "Female", "Male", "Not recorded" ],
"percentage": [ 34.61538, 64.23077, 1.153846 ] 
},
"Age.Group": {
 "Age.Group": [ "0 to 2 Years", "13 to 18 Years", "19 to 64 Years", "3 to 12 Years", "65 to 84 Years", "85 and Over", "Unknown" ],
"percentage": [ 4.230769, 3.846154, 44.61538, 5.384615, 33.46154, 5.769231, 2.692308 ] 
},
"Speciality": {
 "Speciality": [ "Clinic / Office", "Emergency Room", "Medicine General", "Medicine ICU", "None Given", "Pediatric General", "Pediatric ICU", "Surgery General", "Surgery ICU" ],
"percentage": [ 0.3846154, 6.923077, 28.07692, 11.92308, 11.53846, 6.538462, 1.923077, 25.38462, 7.307692 ] 
},
"Source": {
 "Source": [ "Bodily Fluids", "Bodily Fluids: Abdominal", "Bodily Fluids: Abscess / Pus", "Bodily Fluids: Bile", "Bodily Fluids: CSF", "Bodily Fluids: Peritoneal", "Bodily Fluids: Pleural", "Bodily Fluids: Synovial", "Bodily Fluids: Thoracentesis", "Bodily Fluids: Tissue", "CVS: Blood", "Genital/Urinary (GU)", "GI: Stomach", "GU: Urine", "HEENT", "HEENT: Ears", "HEENT: Eyes", "HEENT: Head", "HEENT: Nose", "Instruments", "Instruments: Catheters", "Instruments: Other", "INT: Burn", "INT: Decubitus", "INT: Hair", "INT: Other", "INT: Skin", "INT: Wound", "Lymph: Bone Marrow", "None Given", "Respiratory: Bronchials", "Respiratory: Lungs", "Respiratory: Sinuses", "Respiratory: Sputum", "Respiratory: Trachea", "Skeletal", "Skeletal: Bone" ],
"percentage": [ 0.3846154, 0.7692308, 7.692308, 0.3846154, 1.153846, 0.3846154, 0.7692308, 1.923077, 0.7692308, 0.3846154, 23.07692, 0.3846154, 0.3846154, 1.923077, 0.3846154, 1.153846, 1.153846, 0.3846154, 1.153846, 0.3846154, 3.461538, 1.153846, 1.153846, 0.3846154, 0.3846154, 0.3846154, 13.46154, 8.076923, 0.3846154, 0.7692308, 6.153846, 1.923077, 0.7692308, 7.307692, 3.846154, 1.538462, 3.846154 ] 
},
"In...Out.Patient": {
 "In...Out.Patient": [ "Inpatient", "None Given", "Outpatient" ],
"percentage": [ 81.15385, 11.53846, 7.307692 ] 
} 
},
"Linezolid": {
 "State": {
 "State": [ "N/A" ],
"percentage": [      100 ] 
},
"Gender": {
 "Gender": [ "Female", "Male", "Not recorded" ],
"percentage": [ 35.86006, 62.68222, 1.457726 ] 
},
"Age.Group": {
 "Age.Group": [ "0 to 2 Years", "13 to 18 Years", "19 to 64 Years", "3 to 12 Years", "65 to 84 Years", "85 and Over", "Unknown" ],
"percentage": [ 3.498542, 3.498542, 40.81633, 4.081633, 38.19242, 7.580175, 2.332362 ] 
},
"Speciality": {
 "Speciality": [ "Clinic / Office", "Emergency Room", "Medicine General", "Medicine ICU", "None Given", "Nursing Home / Rehab", "Pediatric General", "Pediatric ICU", "Surgery General", "Surgery ICU" ],
"percentage": [ 0.8746356, 6.997085, 29.73761, 10.20408, 10.78717, 2.915452, 5.539359, 1.749271, 23.90671,  7.28863 ] 
},
"Source": {
 "Source": [ "Bodily Fluids", "Bodily Fluids: Abdominal", "Bodily Fluids: Abscess / Pus", "Bodily Fluids: Bile", "Bodily Fluids: CSF", "Bodily Fluids: Feces/Stool", "Bodily Fluids: Peritoneal", "Bodily Fluids: Pleural", "Bodily Fluids: Synovial", "Bodily Fluids: Thoracentesis", "Bodily Fluids: Tissue", "Bodily Fluids: Ulcer", "CNS: Spinal Cord", "CVS: Blood", "Genital/Urinary (GU)", "GI: Rectum", "GI: Stomach", "GU: Urine", "HEENT", "HEENT: Ears", "HEENT: Eyes", "HEENT: Head", "HEENT: Mouth", "HEENT: Nose", "Instruments", "Instruments: Catheters", "Instruments: Drains / Tubes", "Instruments: Other", "INT: Burn", "INT: Decubitus", "INT: Hair", "INT: Other", "INT: Skin", "INT: Wound", "Lymph: Bone Marrow", "None Given", "Reproductive: Vagina", "Respiratory", "Respiratory: Bronchials", "Respiratory: Lungs", "Respiratory: Sinuses", "Respiratory: Sputum", "Respiratory: Trachea", "Skeletal", "Skeletal: Bone" ],
"percentage": [ 0.8746356, 0.5830904, 6.413994, 0.2915452, 0.8746356, 0.2915452, 0.5830904, 0.5830904, 1.749271, 0.5830904, 0.2915452, 0.2915452, 0.2915452, 20.40816, 0.2915452, 0.5830904, 0.2915452, 3.498542, 0.8746356, 0.8746356, 1.166181, 0.2915452, 0.2915452, 1.166181, 0.5830904, 2.623907, 0.8746356, 0.8746356, 0.8746356, 0.2915452, 0.2915452, 0.8746356, 11.37026, 10.78717, 0.2915452, 0.5830904, 0.5830904, 0.2915452, 6.413994, 1.749271, 0.8746356, 7.580175, 4.081633, 1.166181, 3.498542 ] 
},
"In...Out.Patient": {
 "In...Out.Patient": [ "Inpatient", "None Given", "Outpatient" ],
"percentage": [ 78.42566, 10.78717, 10.78717 ] 
} 
},
"Minocycline": {
 "State": {
 "State": [ "N/A" ],
"percentage": [      100 ] 
},
"Gender": {
 "Gender": [ "Female", "Male", "Not recorded" ],
"percentage": [ 36.09467, 62.42604,  1.47929 ] 
},
"Age.Group": {
 "Age.Group": [ "0 to 2 Years", "13 to 18 Years", "19 to 64 Years", "3 to 12 Years", "65 to 84 Years", "85 and Over", "Unknown" ],
"percentage": [ 3.550296, 3.550296, 40.23669, 4.142012, 38.46154, 7.692308, 2.366864 ] 
},
"Speciality": {
 "Speciality": [ "Clinic / Office", "Emergency Room", "Medicine General", "Medicine ICU", "None Given", "Nursing Home / Rehab", "Pediatric General", "Pediatric ICU", "Surgery General", "Surgery ICU" ],
"percentage": [ 0.887574, 6.804734, 29.28994, 10.35503, 10.94675,  2.95858, 5.621302, 1.775148,  23.9645,  7.39645 ] 
},
"Source": {
 "Source": [ "Bodily Fluids", "Bodily Fluids: Abdominal", "Bodily Fluids: Abscess / Pus", "Bodily Fluids: Bile", "Bodily Fluids: CSF", "Bodily Fluids: Feces/Stool", "Bodily Fluids: Peritoneal", "Bodily Fluids: Pleural", "Bodily Fluids: Synovial", "Bodily Fluids: Thoracentesis", "Bodily Fluids: Tissue", "Bodily Fluids: Ulcer", "CNS: Spinal Cord", "CVS: Blood", "Genital/Urinary (GU)", "GI: Rectum", "GI: Stomach", "GU: Urine", "HEENT", "HEENT: Ears", "HEENT: Eyes", "HEENT: Head", "HEENT: Mouth", "HEENT: Nose", "Instruments", "Instruments: Catheters", "Instruments: Drains / Tubes", "Instruments: Other", "INT: Burn", "INT: Decubitus", "INT: Hair", "INT: Other", "INT: Skin", "INT: Wound", "Lymph: Bone Marrow", "None Given", "Reproductive: Vagina", "Respiratory", "Respiratory: Bronchials", "Respiratory: Lungs", "Respiratory: Sinuses", "Respiratory: Sputum", "Respiratory: Trachea", "Skeletal", "Skeletal: Bone" ],
"percentage": [ 0.887574, 0.591716, 6.213018, 0.295858, 0.887574, 0.295858, 0.591716, 0.591716, 1.775148, 0.591716, 0.295858, 0.295858, 0.295858, 20.71006, 0.295858, 0.591716, 0.295858, 3.550296, 0.887574, 0.887574, 1.183432, 0.295858, 0.295858, 1.183432, 0.591716, 2.662722, 0.887574, 0.887574, 0.887574, 0.295858, 0.295858, 0.887574, 10.35503, 10.94675, 0.295858, 0.591716, 0.591716, 0.295858, 6.508876, 1.775148, 0.887574, 7.692308, 4.142012, 1.183432, 3.550296 ] 
},
"In...Out.Patient": {
 "In...Out.Patient": [ "Inpatient", "None Given", "Outpatient" ],
"percentage": [ 78.40237, 10.94675, 10.65089 ] 
} 
},
"Penicillin": {
 "State": {
 "State": [ "N/A" ],
"percentage": [      100 ] 
},
"Gender": {
 "Gender": [ "Female", "Male", "Not recorded" ],
"percentage": [ 31.66667, 66.66667, 1.666667 ] 
},
"Age.Group": {
 "Age.Group": [ "0 to 2 Years", "13 to 18 Years", "19 to 64 Years", "3 to 12 Years", "65 to 84 Years", "85 and Over" ],
"percentage": [ 1.666667, 1.666667,       55,       10, 21.66667,       10 ] 
},
"Speciality": {
 "Speciality": [ "Clinic / Office", "Emergency Room", "Medicine General", "Medicine ICU", "None Given", "Pediatric General", "Pediatric ICU", "Surgery General", "Surgery ICU" ],
"percentage": [ 1.666667, 8.333333, 36.66667, 6.666667, 11.66667, 3.333333, 1.666667,       20,       10 ] 
},
"Source": {
 "Source": [ "Bodily Fluids: Abscess / Pus", "Bodily Fluids: Bile", "Bodily Fluids: CSF", "Bodily Fluids: Synovial", "CVS: Blood", "GU: Urine", "HEENT: Ears", "HEENT: Eyes", "HEENT: Nose", "Instruments: Catheters", "Instruments: Other", "INT: Burn", "INT: Skin", "INT: Wound", "Lymph: Bone Marrow", "Reproductive: Vagina", "Respiratory: Bronchials", "Respiratory: Sputum", "Respiratory: Trachea", "Skeletal", "Skeletal: Bone" ],