{
 "Susceptible": {
 "Drug": {
 "Ampicillin": {
 "State": {
 "State": [ "Colorado", "Florida", "Georgia", "Illinois", "Indiana", "Kentucky", "Michigan", "New York", "North Dakota", "Ohio", "Wisconsin" ],
"percentage": [ 6.748466, 22.69939, 3.680982, 4.294479, 15.33742, 6.134969, 7.361963,  7.97546, 6.748466, 7.361963, 11.65644 ] 
},
"Gender": {
 "Gender": [ "Female", "Male" ],
"percentage": [ 49.69325, 50.30675 ] 
},
"Age.Group": {
 "Age.Group": [ "0 to 2 Years", "13 to 18 Years", "19 to 64 Years", "3 to 12 Years", "65 to 84 Years", "85 and Over" ],
"percentage": [ 8.588957, 0.6134969, 42.33129, 6.748466, 34.96933, 6.748466 ] 
},
"Speciality": {
 "Speciality": [ "Clinic / Office", "Emergency Room", "Medicine General", "Medicine ICU", "None Given", "Pediatric General", "Pediatric ICU", "Surgery General", "Surgery ICU" ],
"percentage": [ 15.95092, 5.521472, 50.30675, 5.521472, 0.6134969,  7.97546, 3.067485, 7.361963, 3.680982 ] 
},
"Source": {
 "Source": [ "Bodily Fluids", "Bodily Fluids: Abdominal", "Bodily Fluids: Abscess / Pus", "Bodily Fluids: Bile", "Bodily Fluids: CSF", "Bodily Fluids: Thoracentesis", "Bodily Fluids: Tissue", "CVS: Blood", "GI: Liver", "GI: Other", "GI: Pancreas", "GU: Ureter", "GU: Urinary Bladder", "GU: Urine", "HEENT: Ears", "Instruments: Drains / Tubes", "INT: Decubitus", "INT: Other", "INT: Skin", "INT: Wound", "Lymph: Other", "None Given", "Skeletal: Bone" ],
"percentage": [ 1.226994, 1.840491, 4.294479, 1.226994, 0.6134969, 0.6134969, 1.226994, 23.92638, 3.067485, 0.6134969, 0.6134969, 0.6134969, 3.680982, 26.99387, 1.226994, 0.6134969, 0.6134969, 0.6134969, 2.453988,  19.6319, 0.6134969, 0.6134969, 3.067485 ] 
},
"In...Out.Patient": {
 "In...Out.Patient": [ "Inpatient", "None Given", "Outpatient" ],
"percentage": [ 77.91411, 0.6134969, 21.47239 ] 
} 
},
"Levofloxacin": {
 "State": {
 "State": [ "Colorado", "Florida", "Georgia", "Illinois", "Indiana", "Kentucky", "Michigan", "New York", "North Dakota", "Ohio", "Wisconsin" ],
"percentage": [ 5.384615, 24.61538, 3.846154, 4.615385, 12.30769, 5.384615, 6.153846, 6.923077, 8.461538, 8.461538, 13.84615 ] 
},
"Gender": {
 "Gender": [ "Female", "Male" ],
"percentage": [ 46.92308, 53.07692 ] 
},
"Age.Group": {
 "Age.Group": [ "0 to 2 Years", "13 to 18 Years", "19 to 64 Years", "3 to 12 Years", "65 to 84 Years", "85 and Over" ],
"percentage": [ 9.230769, 0.7692308, 42.30769, 8.461538, 32.30769, 6.923077 ] 
},
"Speciality": {
 "Speciality": [ "Clinic / Office", "Emergency Room", "Medicine General", "Medicine ICU", "None Given", "Pediatric General", "Pediatric ICU", "Surgery General", "Surgery ICU" ],
"percentage": [ 17.69231, 4.615385, 48.46154, 6.153846, 0.7692308,       10, 3.076923, 6.923077, 2.307692 ] 
},
"Source": {
 "Source": [ "Bodily Fluids", "Bodily Fluids: Abdominal", "Bodily Fluids: Abscess / Pus", "Bodily Fluids: Bile", "Bodily Fluids: CSF", "Bodily Fluids: Thoracentesis", "Bodily Fluids: Tissue", "CVS: Blood", "GI: Liver", "GI: Pancreas", "GU: Ureter", "GU: Urinary Bladder", "GU: Urine", "HEENT: Ears", "Instruments: Drains / Tubes", "INT: Decubitus", "INT: Skin", "INT: Wound", "Lymph: Other", "None Given", "Skeletal: Bone" ],
"percentage": [ 1.538462, 2.307692, 3.846154, 1.538462, 0.7692308, 0.7692308, 1.538462, 23.84615, 3.846154, 0.7692308, 0.7692308, 3.846154, 24.61538, 1.538462, 0.7692308, 0.7692308, 2.307692,       20, 0.7692308, 0.7692308, 3.076923 ] 
},
"In...Out.Patient": {
 "In...Out.Patient": [ "Inpatient", "None Given", "Outpatient" ],
"percentage": [ 76.92308, 0.7692308, 22.30769 ] 
} 
},
"Linezolid": {
 "State": {
 "State": [ "Colorado", "Florida", "Georgia", "Illinois", "Indiana", "Kentucky", "Michigan", "New York", "North Dakota", "Ohio", "Wisconsin" ],
"percentage": [ 6.707317, 22.56098, 3.658537, 4.268293,  15.2439, 6.097561, 7.317073, 8.536585, 6.707317, 7.317073, 11.58537 ] 
},
"Gender": {
 "Gender": [ "Female", "Male" ],
"percentage": [       50,       50 ] 
},
"Age.Group": {
 "Age.Group": [ "0 to 2 Years", "13 to 18 Years", "19 to 64 Years", "3 to 12 Years", "65 to 84 Years", "85 and Over" ],
"percentage": [ 8.536585, 0.6097561, 42.68293, 6.707317,  34.7561, 6.707317 ] 
},
"Speciality": {
 "Speciality": [ "Clinic / Office", "Emergency Room", "Medicine General", "Medicine ICU", "None Given", "Pediatric General", "Pediatric ICU", "Surgery General", "Surgery ICU" ],
"percentage": [ 15.85366, 5.487805,       50, 5.487805, 0.6097561, 7.926829,  3.04878, 7.926829, 3.658537 ] 
},
"Source": {
 "Source": [ "Bodily Fluids", "Bodily Fluids: Abdominal", "Bodily Fluids: Abscess / Pus", "Bodily Fluids: Bile", "Bodily Fluids: CSF", "Bodily Fluids: Peritoneal", "Bodily Fluids: Thoracentesis", "Bodily Fluids: Tissue", "CVS: Blood", "GI: Liver", "GI: Other", "GI: Pancreas", "GU: Ureter", "GU: Urinary Bladder", "GU: Urine", "HEENT: Ears", "Instruments: Drains / Tubes", "INT: Decubitus", "INT: Other", "INT: Skin", "INT: Wound", "Lymph: Other", "None Given", "Skeletal: Bone" ],
"percentage": [ 1.219512, 1.829268, 4.268293, 1.219512, 0.6097561, 0.6097561, 0.6097561, 1.219512, 23.78049,  3.04878, 0.6097561, 0.6097561, 0.6097561, 3.658537, 26.82927, 1.219512, 0.6097561, 0.6097561, 0.6097561, 2.439024,  19.5122, 0.6097561, 0.6097561,  3.04878 ] 
},
"In...Out.Patient": {
 "In...Out.Patient": [ "Inpatient", "None Given", "Outpatient" ],
"percentage": [ 78.04878, 0.6097561, 21.34146 ] 
} 
},
"Minocycline": {
 "State": {
 "State": [ "Colorado", "Florida", "Georgia", "Illinois", "Indiana", "Kentucky", "Michigan", "New York", "North Dakota", "Ohio", "Wisconsin" ],
"percentage": [ 4.347826, 26.08696, 4.347826, 2.898551, 10.14493, 2.898551, 7.246377,  11.5942, 8.695652, 10.14493,  11.5942 ] 
},
"Gender": {
 "Gender": [ "Female", "Male" ],
"percentage": [ 53.62319, 46.37681 ] 
},
"Age.Group": {
 "Age.Group": [ "0 to 2 Years", "19 to 64 Years", "3 to 12 Years", "65 to 84 Years", "85 and Over" ],
"percentage": [ 7.246377, 43.47826, 10.14493, 36.23188, 2.898551 ] 
},
"Speciality": {
 "Speciality": [ "Clinic / Office", "Emergency Room", "Medicine General", "Medicine ICU", "Pediatric General", "Pediatric ICU", "Surgery General", "Surgery ICU" ],
"percentage": [ 10.14493, 7.246377, 52.17391, 10.14493, 7.246377, 4.347826, 5.797101, 2.898551 ] 
},
"Source": {
 "Source": [ "Bodily Fluids", "Bodily Fluids: Abscess / Pus", "Bodily Fluids: CSF", "Bodily Fluids: Peritoneal", "Bodily Fluids: Tissue", "CVS: Blood", "GI: Liver", "GI: Pancreas", "GU: Ureter", "GU: Urinary Bladder", "GU: Urine", "HEENT: Ears", "Instruments: Drains / Tubes", "INT: Other", "INT: Skin", "INT: Wound", "None Given", "Skeletal: Bone" ],
"percentage": [ 1.449275, 4.347826, 1.449275, 1.449275, 1.449275, 26.08696, 5.797101, 1.449275, 1.449275, 4.347826, 20.28986, 1.449275, 1.449275, 1.449275, 4.347826, 18.84058, 1.449275, 1.449275 ] 
},
"In...Out.Patient": {
 "In...Out.Patient": [ "Inpatient", "Outpatient" ],
"percentage": [  82.6087,  17.3913 ] 
} 
},
"Penicillin": {
 "State": {
 "State": [ "Colorado", "Florida", "Georgia", "Illinois", "Indiana", "Kentucky", "Michigan", "New York", "North Dakota", "Ohio", "Wisconsin" ],
"percentage": [ 6.748466, 22.69939, 3.680982, 4.294479, 15.33742, 6.134969, 7.361963,  7.97546, 6.748466, 7.361963, 11.65644 ] 
},
"Gender": {
 "Gender": [ "Female", "Male" ],
"percentage": [ 49.69325, 50.30675 ] 
},
"Age.Group": {
 "Age.Group": [ "0 to 2 Years", "13 to 18 Years", "19 to 64 Years", "3 to 12 Years", "65 to 84 Years", "85 and Over" ],
"percentage": [ 8.588957, 0.6134969, 42.33129, 6.748466, 34.96933, 6.748466 ] 
},
"Speciality": {
 "Speciality": [ "Clinic / Office", "Emergency Room", "Medicine General", "Medicine ICU", "None Given", "Pediatric General", "Pediatric ICU", "Surgery General", "Surgery ICU" ],
"percentage": [ 15.95092, 5.521472, 50.30675, 5.521472, 0.6134969,  7.97546, 3.067485, 7.361963, 3.680982 ] 
},