{
 "Susceptible": {
 "Drug": {
 "Amoxycillin clavulanate": {
 "State": {
 "State": [ "Colorado", "Illinois", "Indiana", "Kentucky", "Michigan", "New York", "Ohio", "Texas", "Wisconsin" ],
"percentage": [ 12.82051, 13.67521, 13.67521, 9.401709, 12.82051, 11.11111, 11.11111, 11.11111, 4.273504 ] 
},
"Gender": {
 "Gender": [ "Female", "Male", "Not recorded" ],
"percentage": [ 42.73504, 56.41026, 0.8547009 ] 
},
"Age.Group": {
 "Age.Group": [ "0 to 2 Years", "13 to 18 Years", "19 to 64 Years", "3 to 12 Years", "65 to 84 Years", "85 and Over" ],
"percentage": [ 11.96581, 0.8547009, 59.82906, 10.25641, 16.23932, 0.8547009 ] 
},
"Speciality": {
 "Speciality": [ "Clinic / Office", "Emergency Room", "Medicine General", "Medicine ICU", "None Given", "Pediatric General", "Pediatric ICU", "Surgery General", "Surgery ICU" ],
"percentage": [ 14.52991, 8.547009, 29.05983, 12.82051, 5.128205, 7.692308, 2.564103, 7.692308, 11.96581 ] 
},
"Source": {
 "Source": [ "Bodily Fluids", "Bodily Fluids: Abscess / Pus", "Bodily Fluids: CSF", "Bodily Fluids: Pleural", "CNS: Spinal Cord", "HEENT: Ears", "HEENT: Eyes", "HEENT: Nose", "HEENT: Other", "INT: Wound", "Reproductive: Placenta", "Respiratory", "Respiratory: Bronchials", "Respiratory: Lungs", "Respiratory: Sinuses", "Respiratory: Sputum", "Respiratory: Trachea" ],
"percentage": [ 0.8547009, 1.709402, 0.8547009, 0.8547009, 0.8547009, 0.8547009, 8.547009, 0.8547009, 1.709402, 3.418803, 1.709402, 0.8547009, 20.51282, 0.8547009, 4.273504, 36.75214, 14.52991 ] 
},
"In...Out.Patient": {
 "In...Out.Patient": [ "Inpatient", "None Given", "Outpatient" ],
"percentage": [ 71.79487, 5.128205, 23.07692 ] 
} 
},
"Ampicillin": {
 "State": {
 "State": [ "Colorado", "Illinois", "Indiana", "Kentucky", "Michigan", "New York", "Ohio", "Texas", "Wisconsin" ],
"percentage": [ 14.81481, 14.81481, 16.04938,  6.17284, 13.58025, 11.11111, 8.641975, 9.876543, 4.938272 ] 
},
"Gender": {
 "Gender": [ "Female", "Male" ],
"percentage": [ 46.91358, 53.08642 ] 
},
"Age.Group": {
 "Age.Group": [ "0 to 2 Years", "19 to 64 Years", "3 to 12 Years", "65 to 84 Years", "85 and Over" ],
"percentage": [ 7.407407, 64.19753, 8.641975, 18.51852, 1.234568 ] 
},
"Speciality": {
 "Speciality": [ "Clinic / Office", "Emergency Room", "Medicine General", "Medicine ICU", "None Given", "Pediatric General", "Pediatric ICU", "Surgery General", "Surgery ICU" ],
"percentage": [ 12.34568, 9.876543, 29.62963, 13.58025, 4.938272,  6.17284, 1.234568, 7.407407, 14.81481 ] 
},
"Source": {
 "Source": [ "Bodily Fluids", "Bodily Fluids: Abscess / Pus", "Bodily Fluids: CSF", "Bodily Fluids: Pleural", "CNS: Spinal Cord", "HEENT: Ears", "HEENT: Eyes", "HEENT: Nose", "HEENT: Other", "INT: Wound", "Reproductive: Placenta", "Respiratory", "Respiratory: Bronchials", "Respiratory: Lungs", "Respiratory: Sinuses", "Respiratory: Sputum", "Respiratory: Trachea" ],
"percentage": [ 1.234568, 1.234568, 1.234568, 1.234568, 1.234568, 1.234568, 7.407407, 1.234568, 2.469136, 1.234568, 2.469136, 1.234568, 20.98765, 1.234568,  6.17284, 35.80247, 12.34568 ] 
},
"In...Out.Patient": {
 "In...Out.Patient": [ "Inpatient", "None Given", "Outpatient" ],
"percentage": [ 72.83951, 4.938272, 22.22222 ] 
} 
},
"Cefepime": {
 "State": {
 "State": [ "Colorado", "Illinois", "Indiana", "Kentucky", "Michigan", "New York", "Ohio", "Texas", "Wisconsin" ],
"percentage": [ 12.82051, 13.67521, 13.67521, 9.401709, 12.82051, 11.11111, 11.11111, 11.11111, 4.273504 ] 
},
"Gender": {
 "Gender": [ "Female", "Male", "Not recorded" ],
"percentage": [ 42.73504, 56.41026, 0.8547009 ] 
},
"Age.Group": {
 "Age.Group": [ "0 to 2 Years", "13 to 18 Years", "19 to 64 Years", "3 to 12 Years", "65 to 84 Years", "85 and Over" ],
"percentage": [ 11.96581, 0.8547009, 59.82906, 10.25641, 16.23932, 0.8547009 ] 
},
"Speciality": {
 "Speciality": [ "Clinic / Office", "Emergency Room", "Medicine General", "Medicine ICU", "None Given", "Pediatric General", "Pediatric ICU", "Surgery General", "Surgery ICU" ],
"percentage": [ 14.52991, 8.547009, 29.05983, 12.82051, 5.128205, 7.692308, 2.564103, 7.692308, 11.96581 ] 
},
"Source": {
 "Source": [ "Bodily Fluids", "Bodily Fluids: Abscess / Pus", "Bodily Fluids: CSF", "Bodily Fluids: Pleural", "CNS: Spinal Cord", "HEENT: Ears", "HEENT: Eyes", "HEENT: Nose", "HEENT: Other", "INT: Wound", "Reproductive: Placenta", "Respiratory", "Respiratory: Bronchials", "Respiratory: Lungs", "Respiratory: Sinuses", "Respiratory: Sputum", "Respiratory: Trachea" ],
"percentage": [ 0.8547009, 1.709402, 0.8547009, 0.8547009, 0.8547009, 0.8547009, 8.547009, 0.8547009, 1.709402, 3.418803, 1.709402, 0.8547009, 20.51282, 0.8547009, 4.273504, 36.75214, 14.52991 ] 
},
"In...Out.Patient": {
 "In...Out.Patient": [ "Inpatient", "None Given", "Outpatient" ],
"percentage": [ 71.79487, 5.128205, 23.07692 ] 
} 
},
"Ceftazidime": {
 "State": {
 "State": [ "Colorado", "Illinois", "Indiana", "Kentucky", "Michigan", "New York", "Ohio", "Texas", "Wisconsin" ],
"percentage": [ 12.82051, 13.67521, 13.67521, 9.401709, 12.82051, 11.11111, 11.11111, 11.11111, 4.273504 ] 
},
"Gender": {
 "Gender": [ "Female", "Male", "Not recorded" ],
"percentage": [ 42.73504, 56.41026, 0.8547009 ] 
},
"Age.Group": {
 "Age.Group": [ "0 to 2 Years", "13 to 18 Years", "19 to 64 Years", "3 to 12 Years", "65 to 84 Years", "85 and Over" ],
"percentage": [ 11.96581, 0.8547009, 59.82906, 10.25641, 16.23932, 0.8547009 ] 
},
"Speciality": {
 "Speciality": [ "Clinic / Office", "Emergency Room", "Medicine General", "Medicine ICU", "None Given", "Pediatric General", "Pediatric ICU", "Surgery General", "Surgery ICU" ],
"percentage": [ 14.52991, 8.547009, 29.05983, 12.82051, 5.128205, 7.692308, 2.564103, 7.692308, 11.96581 ] 
},
"Source": {
 "Source": [ "Bodily Fluids", "Bodily Fluids: Abscess / Pus", "Bodily Fluids: CSF", "Bodily Fluids: Pleural", "CNS: Spinal Cord", "HEENT: Ears", "HEENT: Eyes", "HEENT: Nose", "HEENT: Other", "INT: Wound", "Reproductive: Placenta", "Respiratory", "Respiratory: Bronchials", "Respiratory: Lungs", "Respiratory: Sinuses", "Respiratory: Sputum", "Respiratory: Trachea" ],
"percentage": [ 0.8547009, 1.709402, 0.8547009, 0.8547009, 0.8547009, 0.8547009, 8.547009, 0.8547009, 1.709402, 3.418803, 1.709402, 0.8547009, 20.51282, 0.8547009, 4.273504, 36.75214, 14.52991 ] 
},
"In...Out.Patient": {
 "In...Out.Patient": [ "Inpatient", "None Given", "Outpatient" ],
"percentage": [ 71.79487, 5.128205, 23.07692 ] 
} 
},
"Ceftriaxone": {
 "State": {
 "State": [ "Colorado", "Illinois", "Indiana", "Kentucky", "Michigan", "New York", "Ohio", "Texas", "Wisconsin" ],
"percentage": [ 12.82051, 13.67521, 13.67521, 9.401709, 12.82051, 11.11111, 11.11111, 11.11111, 4.273504 ] 
},
"Gender": {
 "Gender": [ "Female", "Male", "Not recorded" ],
"percentage": [ 42.73504, 56.41026, 0.8547009 ] 
},
"Age.Group": {
 "Age.Group": [ "0 to 2 Years", "13 to 18 Years", "19 to 64 Years", "3 to 12 Years", "65 to 84 Years", "85 and Over" ],
"percentage": [ 11.96581, 0.8547009, 59.82906, 10.25641, 16.23932, 0.8547009 ] 
},
"Speciality": {
 "Speciality": [ "Clinic / Office", "Emergency Room", "Medicine General", "Medicine ICU", "None Given", "Pediatric General", "Pediatric ICU", "Surgery General", "Surgery ICU" ],
"percentage": [ 14.52991, 8.547009, 29.05983, 12.82051, 5.128205, 7.692308, 2.564103, 7.692308, 11.96581 ] 
},
"Source": {
 "Source": [ "Bodily Fluids", "Bodily Fluids: Abscess / Pus", "Bodily Fluids: CSF", "Bodily Fluids: Pleural", "CNS: Spinal Cord", "HEENT: Ears", "HEENT: Eyes", "HEENT: Nose", "HEENT: Other", "INT: Wound", "Reproductive: Placenta", "Respiratory", "Respiratory: Bronchials", "Respiratory: Lungs", "Respiratory: Sinuses", "Respiratory: Sputum", "Respiratory: Trachea" ],
"percentage": [ 0.8547009, 1.709402, 0.8547009, 0.8547009, 0.8547009, 0.8547009, 8.547009, 0.8547009, 1.709402, 3.418803, 1.709402, 0.8547009, 20.51282, 0.8547009, 4.273504, 36.75214, 14.52991 ] 
},
"In...Out.Patient": {
 "In...Out.Patient": [ "Inpatient", "None Given", "Outpatient" ],